{"loss": [0.31768884852697904, 0.19212848211596298], "jaccard": [0.4749927222728729, 0.4821237623691559]}