{"loss": [0.4175792563635149, 0.21039020562413405, 0.18906089287004998, 0.18068061518008266, 0.17882155423670182, 0.17628801486957302, 0.17497134119717042, 0.1728081475458801, 0.17045589674637515, 0.16821673142312688], "jaccard": [0.45021969079971313, 0.4859892725944519, 0.4878140687942505, 0.4919426739215851, 0.4950990676879883, 0.4977426528930664, 0.49857786297798157, 0.4999004006385803, 0.5006777048110962, 0.4998343884944916]}