{"loss": [0.27511618891730905], "jaccard": [0.4934568703174591]}